0000..007F|0000|åŸºæœ¬æ‹‰ä¸|Basic Latin
0080..00FF|0080|æ‹‰ä¸ä¸€è¡¥å……|Latin-1 Supplement
0100..017F|0100|æ‹‰ä¸æ‰©å……ç”²|Latin Extended-A
0180..024F|0180|æ‹‰ä¸æ‰©å……ä¹™|Latin Extended-B
0250..02AF|0250|å›½é™…éŸ³æ ‡æ‰©å……|IPA Extensions
02B0..02FF|02B0|æœ‰è·ä¿®é¥°å­—|Spacing Modifier Letters
0300..036F|0300|ç»“åˆå˜éŸ³æ ‡è®°|Combining Diacritical Marks
0370..03FF|0370|å¸Œè…ŠåŠç§‘æ™®ç‰¹|Î•Î»Î»Î·Î½Î¹ÎºÎ¬|Greek and Coptic
0400..04FF|0400|è¥¿é‡Œå°”|ĞšĞ¸Ñ€Ğ¸Ğ»Ğ»Ğ¸Ñ†Ğ°|Cyrillic
0500..052F|0500|è¥¿é‡Œå°”è¡¥å……|Cyrillic Supplement
0530..058F|0530|äºšç¾å°¼äºš|Õ°Õ¡ÕµÕ¥Ö€Õ¥Õ¶|Armenian
0590..05FF|0590|å¸Œä¼¯æ¥|×¢×‘×¨×™×ª|Hebrew
0600..06FF|0600|é˜¿æ‹‰ä¼¯|Ø§Ù„Ø¹Ø±Ø¨ÙŠØ©|Arabic
0700..074F|0700|å™åˆ©äºš|Ü£Ü˜ÜªÜÜÜ|Syriac
0750..077F|0750|é˜¿æ‹‰ä¼¯è¡¥å……|Arabic Supplement
0780..07BF|0780|å¡”çº³|ŞŒŞ§Ş‚Ş¦|Thaana
07C0..07FF|07C0|æ©ç§‘(è¥¿éä¹¦é¢)|ß’ßß|Nâ€™Ko
0800..083F|0800|æ’’é©¬åˆ©äºš|à ”à Œà “à ‰à Œ|Samaritan
0840..085F|0840|æ›¼å¾·æ©|à¡“à¡€à¡ˆà¡à¡€|Mandaic
0860..086F|0860|å™åˆ©äºšè¡¥å……|Syriac Supplement
0870..089F|0870|é˜¿æ‹‰ä¼¯æ‰©å……ä¹™|Arabic Extended-B
08A0..08FF|08A0|é˜¿æ‹‰ä¼¯æ‰©å……ç”²|Arabic Extended-A
0900..097F|0900|å¤©åŸä½“|à¤¦à¥‡à¤µà¤¨à¤¾à¤—à¤°à¥€|Devanagari
0980..09FF|0980|å­ŸåŠ æ‹‰|à¦¬à¦¾à¦‚à¦²à¦¾|Bengali
0A00..0A7F|0A00|æœé²ç©†å¥‡|à¨ªà©°à¨œà¨¾à¨¬à©€|Gurmukhi
0A80..0AFF|0A80|å¤å‰æ‹‰ç‰¹|àª—à«àªœàª°àª¾àª¤à«€|Gujarati
0B00..0B7F|0B00|å¥¥é‡Œäºš|à¬“à¬¡à¬¼à¬¿à¬†|Oriya
0B80..0BFF|0B80|æ³°ç±³å°”|à®¤à®®à®¿à®´à¯|Tamil
0C00..0C7F|0C00|æ³°å¢å›º|à°¤à±†à°²à±à°—à±|Telugu
0C80..0CFF|0C80|å¡çº³è¾¾|à²•à²¨à³à²¨à²¡|Kannada
0D00..0D7F|0D00|é©¬æ‹‰é›…æ‹‰å§†|à´®à´²à´¯à´¾à´³à´‚|Malayalam
0D80..0DFF|0D80|åƒ§ä¼½ç½—|à·ƒà·’à¶‚à·„à¶½|Sinhala
0E00..0E7F|0E00|æ³°æ–‡|à¹„à¸—à¸¢|Thai
0E80..0EFF|0E80|è€æŒ|àº¥àº²àº§|Lao
0F00..0FFF|0F00|è—æ–‡|à½–à½¼à½‘à¼‹à½¦à¾à½‘à¼‹|Tibetan
1000..109F|1000|ç¼…æ–‡|á€—á€™á€¬|Myanmar
10A0..10FF|10A0|æ ¼é²å‰äºš|áƒ¥áƒáƒ áƒ—áƒ£áƒšáƒ˜|Georgian
1100..11FF|1100|è°šæ–‡å­—æ¯|Hangul Jamo
1200..137F|1200|åŸƒå¡|áŒá‹•á‹|Ethiopic
1380..139F|1380|åŸƒå¡è¡¥å……|Ethiopic Supplement
13A0..13FF|13A0|åˆ‡ç½—åŸº|á£á³á©|Cherokee
1400..167F|1400|ç»Ÿä¸€åŠ æ‹¿å¤§åœŸè‘—éŸ³èŠ‚|Unified Canadian Aboriginal Syllabics
1680..169F|1680|æ¬§ç”˜|áš›áš‘ášŒášáš‹ášœ|Ogham
16A0..16FF|16A0|å¢æ©|áš±áš¢áš¾á›Ÿ|Runic
1700..171F|1700|ä»–åŠ ç¦„|áœŠáœŒáœ”áœŠáœŒáœ’áœˆáœ”|Tagalog
1720..173F|1720|å“ˆåŠªåŠªå¥¥|áœ±áœ¨áœ³áœ¨áœ³áœ¢|Hanunoo
1740..175F|1740|å¸ƒå¸Œå¾·|áŠá“á‘á’|Buhid
1760..177F|1760|è’‚äºšæ ¼ç­ç“¦|á¦á¤áªá¨á¯|Tagbanwa
1780..17FF|1780|é«˜æ£‰|ááŸ’á˜áŸ‚áš|Khmer
1800..18AF|1800|è’™æ–‡|á ®á £á ©á ­á £á ¯ á ¬á ¡á ¯á ¡|Mongolian
18B0..18FF|18B0|ç»Ÿä¸€åŠ æ‹¿å¤§åœŸè‘—éŸ³èŠ‚æ‰©å……|Unified Canadian Aboriginal Syllabics Extended
1900..194F|1900|æ—å¸ƒ|á¤•á¤ á¤°á¤Œá¤¢á¤± á¤á¤ á¤´|Limbu
1950..197F|1950|å‚£ã»|á¥–á¥­á¥°á¥–á¥¬á¥³á¥‘á¥¨á¥’á¥°|Tai Le
1980..19DF|1980|æ–°å‚£ä»‚|á¦Ÿá¦²á§…á¦·á¦á¦ºá¦‘á¦Ÿá¦¹á§‰|New Tai Lue
19E0..19FF|19E0|é«˜æ£‰ç¬¦å·|Khmer Symbols
1A00..1A1F|1A00|å¸ƒå‰|á¨•á¨˜á¨á¨—|Buginese
1A20..1AAF|1A20|å‚£æ˜™|á¨²á© á©…á©«á¨µá©¢á¨¾á© á¨¾á©¼|Tai Tham
1AB0..1AFF|1AB0|ç»“åˆå˜éŸ³æ ‡è®°æ‰©å……|Combining Diacritical Marks Extended
1B00..1B7F|1B00|å·´å˜|á¬©á¬²á¬©á¬®á¬¶|Balinese
1B80..1BBF|1B80|å·½ä»–|á®á®¥á®”á®ªá®“|Sundanese
1BC0..1BFF|1BC0|å·´å¡”å…‹|á¯…á¯–á¯‚á¯²|Batak
1C00..1C4F|1C00|é›·å¸ƒæŸ¥|á°›á°©á°µá°›á°§á°µá°¶|Lepcha
1C50..1C7F|1C50|å¥¥å°”å¥‡åŸº|á±šá± á±ªá±¤á± á±¤|Ol Chiki
1C80..1C8F|1C80|è¥¿é‡Œå°”æ‰©å……ä¸™|Cyrillic Extended-C
1C90..1CBF|1C90|æ ¼é²å‰äºšæ‰©å……|á²›á²®á²”á²“á² á²£á²šá²˜|Georgian Extended
1CC0..1CCF|1CC0|å·½ä»–è¡¥å……|Sundanese Supplement
1CD0..1CFF|1CD0|å é™€æ‰©å……|Vedic Extensions
1D00..1D7F|1D00|éŸ³æ ‡æ‰©å……|Phonetic Extensions
1D80..1DBF|1D80|éŸ³æ ‡æ‰©å……å¢è¡¥|Phonetic Extensions Supplement
1DC0..1DFF|1DC0|ç»“åˆå˜éŸ³æ ‡è®°è¡¥å……|Combining Diacritical Marks Supplement
1E00..1EFF|1E00|æ‹‰ä¸æ‰©å……è¿½åŠ |Latin Extended Additional
1F00..1FFF|1F00|å¸Œè…Šæ‰©å……|Greek Extended
2000..206F|2000|é€šç”¨æ ‡ç‚¹|General Punctuation
2070..209F|2070|ä¸Šæ ‡åŠä¸‹æ ‡|Superscripts and Subscripts
20A0..20CF|20A0|è´§å¸ç¬¦å·|Currency Symbols
20D0..20FF|20D0|ç»“åˆå˜éŸ³è®°å·|Combining Diacritical Marks for Symbols
2100..214F|2100|ç±»å­—ç¬¦å·|Letterlike Symbols
2150..218F|2150|æ•°å­—å½¢å¼|Number Forms
2190..21FF|2190|ç®­å¤´|Arrows
2200..22FF|2200|æ•°å­¦è¿ç®—ç¬¦|Mathematical Operators
2300..23FF|2300|å„å¼æŠ€æœ¯ç¬¦|Miscellaneous Technical
2400..243F|2400|æ§åˆ¶å›¾ç¬¦|Control Pictures
2440..245F|2440|å…‰å­¦å­—ç¬¦è¯†åˆ«|Optical Character Recognition
2460..24FF|2460|é™„å›´å­—æ¯æ•°å­—|Enclosed Alphanumerics
2500..257F|2500|åˆ¶è¡¨ç¬¦|Box Drawing
2580..259F|2580|æ–¹å—æ„ç´ |Block Elements
25A0..25FF|25A0|å‡ ä½•å½¢çŠ¶|Geometric Shapes
2600..26FF|2600|å„å¼ç¬¦å·|Miscellaneous Symbols
2700..27BF|2700|ä»€é”¦|Dingbats
27C0..27EF|27C0|å„å¼æ•°å­¦ç¬¦å·ç”²|Miscellaneous Mathematical Symbols-A
27F0..27FF|27F0|å¢è¡¥ç®­å¤´ç”²|Supplemental Arrows-A
2800..28FF|2800|å¸ƒè±å¶ç›²æ–‡ç‚¹å­—|â  â ƒâ —â ‡|Braille Patterns
2900..297F|2900|å¢è¡¥ç®­å¤´ä¹™|Supplemental Arrows-B
2980..29FF|2980|å„å¼æ•°å­¦ç¬¦å·ä¹™|Miscellaneous Mathematical Symbols-B
2A00..2AFF|2A00|å¢è¡¥æ•°å­¦è¿ç®—ç¬¦|Supplemental Mathematical Operators
2B00..2BFF|2B00|å„å¼ç¬¦å·åŠç®­å¤´|Miscellaneous Symbols and Arrows
2C00..2C5F|2C00|æ ¼æ‹‰å“¥é‡Œ|â°³â°¾â°°â°³â±â°¾â°¹â±Œâ°°|Glagolitic
2C60..2C7F|2C60|æ‹‰ä¸æ‰©å……ä¸™|Latin Extended-C
2C80..2CFF|2C80|ç§‘æ™®ç‰¹|â²˜â²‰â²§â²¢â²‰â²™Ì€â²›â²­â²â²™â²“|Coptic
2D00..2D2F|2D00|æ ¼é²å‰äºšè¡¥å……|â´Œâ´“â´‘â´â´“â´â´ˆ|Georgian Supplement
2D30..2D7F|2D30|æéçº³|âµœâµ‰â´¼âµ‰âµâ´°âµ–|Tifinagh
2D80..2DDF|2D80|åŸƒå¡æ‰©å……|Ethiopic Extended
2DE0..2DFF|2DE0|è¥¿é‡Œå°”æ‰©å……ç”²|Cyrillic Extended-A
2E00..2E7F|2E00|å¢è¡¥æ ‡ç‚¹|Supplemental Punctuation
2E80..2EFF|2E80|æ±‰å­—éƒ¨é¦–è¡¥å……|CJK Radicals Supplement
2F00..2FDF|2F00|åº·ç†™éƒ¨é¦–|Kangxi Radicals
2FF0..2FFF|2FF0|è¡¨æ„æè¿°å­—ç¬¦|Ideographic Description Characters
3000..303F|3000|ä¸­æ—¥éŸ©ç¬¦å·åŠæ ‡ç‚¹|CJK Symbols and Punctuation
3040..309F|3040|å¹³å‡å|ã²ã‚‰ãŒãª|Hiragana
30A0..30FF|30A0|ç‰‡å‡å|ã‚«ã‚¿ã‚«ãƒŠ|Katakana
3100..312F|3100|æ³¨éŸ³|ã„…ã„†ã„‡ã„ˆ|Bopomofo
3130..318F|3130|è°šæ–‡å…¼å®¹å­—æ¯|Hangul Compatibility Jamo
3190..319F|3190|æ±‰æ–‡è®­è¯»|Kanbun
31A0..31BF|31A0|æ³¨éŸ³æ‰©å……|Bopomofo Extended
31C0..31EF|31C0|æ±‰å­—ç¬”ç”»|CJK Strokes
31F0..31FF|31F0|ç‰‡å‡åéŸ³æ ‡æ‰©å……|Katakana Phonetic Extensions
3200..32FF|3200|é™„å›´ä¸­æ—¥éŸ©å­—æ¯åŠæœˆä»½|Enclosed CJK Letters and Months
3300..33FF|3300|ä¸­æ—¥éŸ©å…¼å®¹|CJK Compatibility
3400..4DBF|3400|æ±‰å­—ç»Ÿä¸€è¡¨æ„æ‰©å……ç”²|CJK Unified Ideographs Extension A
4DC0..4DFF|4DC0|æ˜“ç»å…­åå››å¦|Yijing Hexagram Symbols
4E00..9FFF|4E00|æ±‰å­—ç»Ÿä¸€è¡¨æ„|CJK Unified Ideographs
A000..A48F|A000|å½æ–‡éŸ³èŠ‚|ê†ˆêŒ ê±ê‚·|Yi Syllables
A490..A4CF|A490|å½æ–‡éƒ¨é¦–|Yi Radicals
A4D0..A4FF|A4D0|å‚ˆåƒ³(è€)|ê“¡ê“²ê“¢ê“´|Lisu
A500..A63F|A500|ç“¦ä¼Š|ê•™ê”¤|Vai
A640..A69F|A640|è¥¿é‡Œå°”æ‰©å……ä¹™|Cyrillic Extended-B
A6A0..A6FF|A6A0|å·´é»˜å§†|ê›€ê›£êš§êš³|Bamum
A700..A71F|A700|å£°è°ƒä¿®é¥°å­—|Modifier Tone Letters
A720..A7FF|A720|æ‹‰ä¸æ‰©å……ä¸|Latin Extended-D
A800..A82F|A800|è¥¿æ´›è’‚åŸä½“|ê ê ¤ê Ÿê ê ¤|Syloti Nagri
A830..A83F|A830|é€šç”¨å°åº¦æ•°å­—å½¢å¼|Common Indic Number Forms
A840..A87F|A840|å…«æ€å·´|ê¡–ê¡ê¡‚ê¡› ê¡Œ|Phags-pa
A880..A8DF|A880|ç´¢æ‹‰ä»€ç‰¹æ‹‰|ê¢±ê£ƒê¢¬ê¢µê¢°ê£„ê¢œê£„ê¢¬|Saurashtra
A8E0..A8FF|A8E0|å¤©åŸä½“æ‰©å……|Devanagari Extended
A900..A92F|A900|å…‹è€¶åˆ©|ê¤œê¤Ÿê¤¤ê¤¬|Kayah Li
A930..A95F|A930|é›·å§œ|ê¤½ê¥ê¤ºê¥|Rejang
A960..A97F|A960|è°šæ–‡å­—æ¯æ‰©å……ç”²|Hangul Jamo Extended-A
A980..A9DF|A980|çˆªå“‡|ê¦—ê¦®|Javanese
A9E0..A9FF|A9E0|ç¼…æ–‡æ‰©å……ä¹™|Myanmar Extended-B
AA00..AA5F|AA00|å æ–‡|ê¨Œê©Œ|Cham
AA60..AA7F|AA60|ç¼…æ–‡æ‰©å……ç”²|Myanmar Extended-A
AA80..AADF|AA80|å‚£è¶Š|êªêª³ êª¼êª•|Tai Viet
AAE0..AAFF|AAE0|ç±³ä»£æ–‡æ‰©å……|Meetei Mayek Extensions
AB00..AB2F|AB00|åŸƒå¡æ‰©å……ç”²|Ethiopic Extended-A
AB30..AB6F|AB30|æ‹‰ä¸æ‰©å……æˆŠ|Latin Extended-E
AB70..ABBF|AB70|åˆ‡ç½—åŸºè¡¥å……|Cherokee Supplement
ABC0..ABFF|ABC0|ç±³ä»£æ–‡|ê¯ƒê¯¤ê¯‡ê¯© ê¯ƒê¯Œê¯¦ê¯›|Meetei Mayek
AC00..D7AF|AC00|è°šæ–‡éŸ³èŠ‚|í•œê¸€|Hangul Syllables
D7B0..D7FF|D7B0|è°šæ–‡å­—æ¯æ‰©å……ä¹™|Hangul Jamo Extended-B
D800..DB7F|D800|é«˜ä½æ›¿ä»£|High Surrogates
DB80..DBFF|DB80|é«˜ä½ç§ç”¨æ›¿ä»£|High Private Use Surrogates
DC00..DFFF|DC00|ä½ä½æ›¿ä»£|Low Surrogates
E000..F8FF|E000|ç§ç”¨åŒº|Private Use Area
F900..FAFF|F900|æ±‰å­—å…¼å®¹è¡¨æ„|CJK Compatibility Ideographs
FB00..FB4F|FB00|å­—æ¯è¡¨ç°å½¢å¼|Alphabetic Presentation Forms
FB50..FDFF|FB50|é˜¿æ‹‰ä¼¯è¡¨ç°å½¢å¼ç”²|Arabic Presentation Forms-A
FE00..FE0F|FE00|å˜ä½“é€‰æ‹©ç¬¦|Variation Selectors
FE10..FE1F|FE10|ç«–æ’å½¢å¼|Vertical Forms
FE20..FE2F|FE20|ç»“åˆåŠè¾¹æ ‡è®°|Combining Half Marks
FE30..FE4F|FE30|ä¸­æ—¥éŸ©å…¼å®¹å½¢å¼|CJK Compatibility Forms
FE50..FE6F|FE50|å°å‹å½¢å¼å˜ä½“|Small Form Variants
FE70..FEFF|FE70|é˜¿æ‹‰ä¼¯è¡¨ç°å½¢å¼ä¹™|Arabic Presentation Forms-B
FF00..FFEF|FF00|åŠè§’åŠå…¨è§’|Halfwidth and Fullwidth Forms
FFF0..FFFF|FFF0|ç‰¹æ®Š|Specials
10000..1007F|10000|çº¿å½¢ä¹™éŸ³èŠ‚|Linear B Syllabary
10080..100FF|10080|çº¿å½¢ä¹™è¡¨æ„|Linear B Ideograms
10100..1013F|10100|çˆ±ç´æ•°å­—|Aegean Numbers
10140..1018F|10140|å¤å¸Œè…Šæ•°å­—|Ancient Greek Numbers
10190..101CF|10190|å¤ä»£ç¬¦å·|Ancient Symbols
101D0..101FF|101D0|è´¹æ–¯æ‰˜æ–¯åœ†ç›˜|Phaistos Disc
10280..1029F|10280|å•åŸºäºš|ğŠ—ğŠ•ğŠğŠğŠ†ğŠğŠ†|Lycian
102A0..102DF|102A0|åŠ é‡Œäºš|Carian
102E0..102FF|102E0|ç§‘æ™®ç‰¹é—°ä½™æ•°å­—|Coptic Epact Numbers
10300..1032F|10300|å¤æ„å¤§åˆ©|Old Italic
10330..1034F|10330|å“¥ç‰¹|ğŒ²ğŒ¿ğ„ğŒ¹ğƒğŒºğŒ°|Gothic
10350..1037F|10350|å¤å½¼å°”å§†|Old Permic
10380..1039F|10380|ä¹ŒåŠ é‡Œç‰¹|Ugaritic
103A0..103DF|103A0|å¤æ³¢æ–¯|Old Persian
10400..1044F|10400|å¾·æ’’å¾‹|ğ”ğ¯ğ‘…ğ¨ğ‘‰ğ¯ğ»|Deseret
10450..1047F|10450|è§ä¼¯çº³|ğ‘–ğ‘±ğ‘ğ‘¾ğ‘¯|Shavian
10480..104AF|10480|ä¼Šæ–¯é©¬å°¼äºš|ğ’‹ğ’˜ğ’ˆğ’‘ğ’›ğ’’ğ’•ğ’€|Osmanya
104B0..104FF|104B0|å¥¥è‰²æ²»|ğ“ğ’°ğ““ğ’°ğ““ğ’·|Osage
10500..1052F|10500|çˆ±å°”å·´æ¡‘|ğ”‡ğ”ğ”ğ”€ğ”›ğ”€ğ”“ğ”ğ”|Elbasan
10530..1056F|10530|é«˜åŠ ç´¢é˜¿å°”å·´å°¼äºš|Caucasian Albanian
10570..105BF|10570|ç»´æ–¯åº“å¥‡|ğ•²ğ–»ğ–¶ğ–¨ğ–·ğ–°ğ–¥|Vithkuqi
105C0..105FF|105C0|æ‰˜å¾·é‡Œ|Todhri
10600..1077F|10600|çº¿å½¢æ–‡å­—ç”²|Linear A
10780..107BF|10780|æ‹‰ä¸æ‰©å……å·±|Latin Extended-F
10800..1083F|10800|å¡æµ¦è·¯æ–¯éŸ³èŠ‚|Cypriot Syllabary
10840..1085F|10840|å¸å›½é˜¿æ‹‰å§†|ğ¡€ğ¡“ğ¡Œğ¡‰ğ¡€|Imperial Aramaic
10860..1087F|10860|å·´å°”ç±³æ‹‰|ğ¡¶ğ¡£ğ¡¬ğ¡¥ğ¡´|Palmyrene
10880..108AF|10880|å¥ˆä¼¯ç‰¹|ğ¢•ğ¢‚ğ¢‹ğ¢ˆ|Nabataean
108E0..108FF|108E0|å“ˆç‰¹æ‹‰|ğ£¤ğ£µğ££ğ£­|Hatran
10900..1091F|10900|è…“å°¼åŸº|ğ¤Šğ¤ğ¤€ğ¤ğ¤Œ|Phoenician
10920..1093F|10920|å•åº•äºš|ğ¤®ğ¤±ğ¤ ğ¤­ğ¤£ğ¤¶ğ¤¯ğ¤¦ğ¤³|Lydian
10980..1099F|10980|éº¦ç½—åŸƒåœ£ä¹¦ä½“|Meroitic Hieroglyphs
109A0..109FF|109A0|éº¦ç½—åŸƒè‰ä¹¦ä½“|Meroitic Cursive
10A00..10A5F|10A00|ä½‰å¢|ğ¨‘ğ¨ªğ¨†ğ¨¯ğ¨ ğ¨|Kharoshthi
10A60..10A7F|10A60|å¤å—é˜¿æ‹‰æ¯”äºš|ğ©£ğ©¯ğ©¬ğ©µ|Old South Arabian
10A80..10A9F|10A80|å¤åŒ—é˜¿æ‹‰æ¯”äºš|Old North Arabian
10AC0..10AFF|10AC0|æ‘©å°¼|Manichaean
10B00..10B3F|10B00|é˜¿ç»´æ–¯å¡”|ğ¬›ğ¬ğ¬¥ ğ¬›ğ¬€ğ¬ ğ¬Œğ¬«ğ¬­ğ¬µ|Avestan
10B40..10B5F|10B40|ç¢‘é“­ä½“å¸•æäºš|Inscriptional Parthian
10B60..10B7F|10B60|ç¢‘é“­ä½“å·´åˆ—ç»´|ğ­¯ğ­ ğ­«ğ­®ğ­©ğ­ª|Inscriptional Pahlavi
10B80..10BAF|10B80|è¯—ç¯‡ä½“å·´åˆ—ç»´|Psalter Pahlavi
10C00..10C4F|10C00|çªå¥|ğ°œğ°‡ğ°›|Old Turkic
10C80..10CFF|10C80|å¤åŒˆç‰™åˆ©|Old Hungarian
10D00..10D3F|10D00|å“ˆå°¼è²ç½—å…´äºš|ğ´Œğ´—ğ´¥ğ´ğ´™ğ´šğ´’ğ´™ğ´|Hanifi Rohingya
10D40..10D8F|10D40|åŠ å‹’ä¼Š|Garay
10E60..10E7F|10E60|é²ç±³æ•°å­—ç¬¦å·|Rumi Numeral Symbols
10E80..10EBF|10E80|è€¶è¥¿è¿ª|ğº¨ğº¦ğºğº¨ğº‹ğº¨|Yezidi
10EC0..10EFF|10EC0|é˜¿æ‹‰ä¼¯æ‰©å……ä¸™|Arabic Extended-C
10F00..10F2F|10F00|å¤ç²Ÿç‰¹|Old Sogdian
10F30..10F6F|10F30|ç²Ÿç‰¹|Sogdian
10F70..10FAF|10F70|å›é¹˜|Old Uyghur
10FB0..10FDF|10FB0|èŠ±å‰Œå­æ¨¡|ğ¾³ğ¾²ğ¾²ğ¿‹ğ¾²ğ¾²ğ¾½ğ¾»|Chorasmian
10FE0..10FFF|10FE0|ä»¥åˆ©ä¹°|ğ¿¯ğ¿«ğ¿©ğ¿¬ğ¿ ğ¿ª|Elymaic
11000..1107F|11000|å©†ç½—ç±³|ğ‘€©ğ‘†ğ‘€­ğ‘€¸ğ‘€³ğ‘†ğ‘€«ğ‘€»|Brahmi
11080..110CF|11080|å¼€æ¢¯|ğ‘‚ğ‘‚¶ğ‘‚Ÿğ‘‚²|Kaithi
110D0..110FF|110D0|ç´¢æ‹‰ç´¢å§†å½­|ğ‘ƒğ‘ƒ¦ğ‘ƒğ‘ƒ— ğ‘ƒğ‘ƒ¦ğ‘ƒ–ğ‘ƒ£ğ‘ƒ—|Sora Sompeng
11100..1114F|11100|æŸ¥å…‹é©¬|ğ‘„Œğ‘„‹ğ‘„´ğ‘„Ÿğ‘„³ğ‘„¦|Chakma
11150..1117F|11150|é»˜å“ˆæ°å†…|ğ‘…¬ğ‘…±ğ‘…ğ‘…›ğ‘…§ğ‘…‘|Mahajani
11180..111DF|11180|æ²™å‹’å¾·|ğ‘†¯ğ‘†³ğ‘†«ğ‘†¢ğ‘†³|Sharada
111E0..111FF|111E0|åƒ§ä¼½ç½—å¤æ•°å­—|Sinhala Archaic Numbers
11200..1124F|11200|ç§‘æ°åŸº|ğ‘ˆ‰ğ‘ˆ²ğ‘ˆğ‘ˆˆğ‘ˆ®|Khojki
11280..112AF|11280|æœ¨å°”å¦|ğ‘Š ğ‘Š‚ğ‘Š£ğ‘Š–ğ‘Š€ğ‘Ššğ‘Š|Multani
112B0..112FF|112B0|åº“è¾¾æœ¬å¾·|ğ‘Š»ğ‘‹©ğ‘‹£ğ‘‹ğ‘‹ ğ‘‹”ğ‘‹ ğ‘‹ğ‘‹¢|Khudawadi
11300..1137F|11300|æ ¼å…°ä»–|ğ‘Œ—ğ‘ğ‘Œ°ğ‘Œ¨ğ‘ğ‘Œ¥|Grantha
11380..113FF|11380|å›¾é²-æåŠ æ‹‰é‡Œ|Tulu-Tigalari
11400..1147F|11400|å†…ç“¦|ğ‘£ğ‘¾ğ‘°ğ‘µğ‘‘…|Newa
11480..114DF|11480|è’‚å‹’èƒ¡å¡”|ğ‘’ğ‘’±ğ‘’©ğ‘’¯ğ‘’³ğ‘’ğ‘’°|Tirhuta
11580..115FF|11580|æ‚‰æ˜™|ğ‘–­ğ‘–°ğ‘–Ÿğ‘–¿ğ‘– ğ‘–½|Siddham
11600..1165F|11600|è«è¿ª|ğ‘˜¦ğ‘˜»ğ‘˜šğ‘˜²|Modi
11660..1167F|11660|è’™æ–‡è¡¥å……|Mongolian Supplement
11680..116CF|11680|å¡”å…‹é‡Œ|ğ‘š”ğ‘š­ğ‘šŠğ‘š¤ğ‘š¯|Takri
116D0..116FF|116D0|ç¼…æ–‡æ‰©å……ä¸™|Myanmar Extended-C
11700..1174F|11700|é˜¿å«|ğ‘œ’ğ‘œ‘ğ‘œªğ‘œ¨|Ahom
11800..1184F|11800|é“æ ¼æ‹‰|ğ‘ –ğ‘ µğ‘ Œğ‘ ¤ğ‘ ¬|Dogra
118A0..118FF|118A0|ç“¦æœ—å¥‡è’‚|ğ‘¢¹ğ‘£—ğ‘£ğ‘£œğ‘£Š ğ‘¢¯ğ‘£‚ğ‘£•ğ‘£‚|Warang Citi
11900..1195F|11900|è¿ªç»´å¸Œé˜¿åº“é²|ğ‘¤ğ‘¤±ğ‘¤©ğ‘¤´ğ‘¤¬ğ‘¤½ ğ‘¤¥ğ‘¤Œğ‘¤³ğ‘¤§ğ‘¤³|Dives Akuru
119A0..119FF|119A0|å«©è¿ªåŸä½“|ğ‘§ğ‘§ğ‘¦¿ğ‘§’ğ‘§ğ‘§‘ğ‘¦°ğ‘§ˆğ‘§“|Nandinagari
11A00..11A4F|11A00|æœ­é‚£å·´æœ­å°”æ–¹å­—|ğ‘¨¢ğ‘¨†ğ‘¨ğ‘¨³ğ‘¨‹ğ‘¨†ğ‘¨¬ğ‘¨³|Zanabazar Square
11A50..11AAF|11A50|ç´¢æ°¸å¸ƒ|ğ‘ªğ‘©–ğ‘©»ğ‘©–ğ‘ªŒğ‘©°ğ‘©–|Soyombo
11AB0..11ABF|11AB0|ç»Ÿä¸€åŠ æ‹¿å¤§åœŸè‘—éŸ³èŠ‚æ‰©å……ç”²|Unified Canadian Aboriginal Syllabics Extended-A
11AC0..11AFF|11AC0|åŒ…é’¦è±ª|Pau Cin Hau
11B00..11B5F|11B00|å¤©åŸä½“æ‰©å……ç”²|Devanagari Extended-A
11BC0..11BFF|11BC0|è‹åŠªç“¦å°”|Sunuwar
11C00..11C6F|11C00|æ¯”å…‹èˆ’åŸº|ğ‘°¥ğ‘°¹ğ‘°ğ‘°¿ğ‘°¬ğ‘°²ğ‘°ğ‘°±|Bhaiksuki
11C70..11CBF|11C70|ç›å°”é’¦ä½“|Marchen
11D00..11D5F|11D00|é©¬è¨æ‹‰å§†è´¡å¾·|ğ‘´¤ğ‘´«ğ‘´¦ğ‘´±ğ‘´¤ ğ‘´ğ‘´½ğ‘µ€ğ‘´˜ğ‘´³|Masaram Gondi
11D60..11DAF|11D60|è´¡è´¾å°”è´¡å¾·|ğ‘µ¶ğ‘¶“ğ‘¶•ğ‘¶‚ğ‘¶‹ ğ‘µµğ‘¶‹ğ‘¶…ğ‘¶‹|Gunjala Gondi
11EE0..11EFF|11EE0|æœ›åŠ é”¡|ğ‘»ªğ‘»¢ğ‘»ªğ‘»¢|Makasar
11F00..11F5F|11F00|å…‹ç»´|ğ‘¼’ğ‘¼®ğ‘¼¶|Kawi
11FB0..11FBF|11FB0|å‚ˆåƒ³è¡¥å……|Lisu Supplement
11FC0..11FFF|11FC0|æ³°ç±³å°”è¡¥å……|Tamil Supplement
12000..123FF|12000|æ¥”å½¢æ–‡å­—|Cuneiform
12400..1247F|12400|æ¥”å½¢æ•°å­—åŠæ ‡ç‚¹|Cuneiform Numbers and Punctuation
12480..1254F|12480|æ—©ç‹æœæ¥”å½¢æ–‡å­—|Early Dynastic Cuneiform
12F90..12FFF|12F90|å¡æµ¦è·¯æ–¯-ç±³è¯ºæ–¯|Cypro-Minoan
13000..1342F|13000|åŸƒåŠåœ£ä¹¦ä½“|Egyptian Hieroglyphs
13430..1345F|13430|åŸƒåŠåœ£ä¹¦ä½“æ ¼å¼æ§åˆ¶ç¬¦|Egyptian Hieroglyph Format Controls
13460..143FF|13460|åŸƒåŠåœ£ä¹¦ä½“æ‰©å……ç”²|Egyptian Hieroglyphs Extended-A
14400..1467F|14400|å®‰çº³æ‰˜åˆ©äºšæ„éŸ³æ–‡å­—|Anatolian Hieroglyphs
16100..1613F|16100|å¤éš†å…‹éº¦|Gurung Khema
16800..16A3F|16800|å·´é»˜å§†è¡¥å……|Bamum Supplement
16A40..16A6F|16A40|å§†é²|ğ–©ƒğ–©“ğ–©‘|Mro
16A70..16ACF|16A70|é€šè¨|ğ–ª°ğ–©µğ–ª‚ğ–ª«ğ–©¸|Tangsa
16AD0..16AFF|16AD0|å·´ç´¢å¥¥ç“¦|ğ–«”ğ–«§ğ–«±ğ–«’ğ–«¨ğ–«´ ğ–«£ğ–«§ğ–«±|Bassa Vah
16B00..16B8F|16B00|å¸•çš“è‹—|ğ–¬–ğ–¬°ğ–¬ğ–¬µ ğ–¬„ğ–¬¶ğ–¬Ÿ ğ–¬Œğ–¬£ğ–¬µ|Pahawh Hmong
16D40..16D7F|16D40|åŸºæ‹‰ç‰¹è±|Kirat Rai
16E40..16E9F|16E40|æ¢…ä»£æ³•ä¼Šå¾·æ—|ğ–¹ğ–¹°ğ–¹¯ğ–¹¼ğ–¹« ğ–¹šğ–¹¬ğ–¹¾ğ–¹ ğ–¹¯|Medefaidrin
16F00..16F9F|16F00|è‹—(è€)|Miao
16FE0..16FFF|16FE0|è¡¨æ„ç¬¦å·åŠæ ‡ç‚¹|Ideographic Symbols and Punctuation
17000..187FF|17000|è¥¿å¤|ğ—¼‡ğ—Ÿ²|Tangut
18800..18AFF|18800|è¥¿å¤åæ—|Tangut Components
18B00..18CFF|18B00|å¥‘ä¸¹å°å­—|ğ˜±¿ğ˜±¤|Khitan Small Script
18D00..18D7F|18D00|è¥¿å¤è¡¥å……|Tangut Supplement
1AFF0..1AFFF|1AFF0|å‡åæ‰©å……ä¹™|Kana Extended-B
1B000..1B0FF|1B000|å‡åè¡¥å……|Kana Supplement
1B100..1B12F|1B100|å‡åæ‰©å……ç”²|Kana Extended-A
1B130..1B16F|1B130|å°å‹å‡åæ‰©å……|Small Kana Extension
1B170..1B2FF|1B170|å¥³ä¹¦|ğ›†ğ›ˆ¬|NÃ¼shu
1BC00..1BC9F|1BC00|æœæ™®é›·é€Ÿè®°|Duployan
1BCA0..1BCAF|1BCA0|é€Ÿè®°æ ¼å¼æ§åˆ¶ç¬¦|Shorthand Format Controls
1CC00..1CEBF|1CC00|é—ç•™ç”µè„‘ç¬¦å·è¡¥å……|Symbols for Legacy Computing Supplement
1CF00..1CFCF|1CF00|å…¹çº³ç¼…å†…éŸ³ç¬¦|Znamenny Musical Notation
1D000..1D0FF|1D000|æ‹œå åº­ä¹ç¬¦|Byzantine Musical Symbols
1D100..1D1FF|1D100|ä¹ç¬¦|Musical Symbols
1D200..1D24F|1D200|å¤å¸Œè…ŠéŸ³ç¬¦|Ancient Greek Musical Notation
1D2C0..1D2DF|1D2C0|å¡å…‹æ‰˜ç»´å…‹æ•°å­—|Kaktovik Numerals
1D2E0..1D2FF|1D2E0|ç›é›…æ•°å­—|Mayan Numerals
1D300..1D35F|1D300|å¤ªç„ç»å¦çˆ»|Tai Xuan Jing Symbols
1D360..1D37F|1D360|ç®—ç­¹|Counting Rod Numerals
1D400..1D7FF|1D400|æ•°å­¦å­—æ¯æ•°å­—ç¬¦å·|Mathematical Alphanumeric Symbols
1D800..1DAAF|1D800|è¨é¡¿æ‰‹è¯­|Sutton SignWriting
1DF00..1DFFF|1DF00|æ‹‰ä¸æ‰©å……åºš|Latin Extended-G
1E000..1E02F|1E000|æ ¼æ‹‰å“¥é‡Œè¡¥å……|Glagolitic Supplement
1E030..1E08F|1E030|è¥¿é‡Œå°”æ‰©å……ä¸|Cyrillic Extended-D
1E100..1E14F|1E100|è‹—(åˆ›ä¸–)|ğ„€ğ„„ğ„°ğ„©|Nyiakeng Puachue Hmong
1E290..1E2BF|1E290|æ‰˜æ‰˜|ğŠ’ğŠªğŠ’ğŠª|Toto
1E2C0..1E2FF|1E2C0|ä¸‡ä¹”|ğ‹’ğ‹€ğ‹‰ğ‹ƒğ‹•|Wancho
1E4D0..1E4FF|1E4D0|çº³æ ¼è’™è¾¾é‡Œ|ğ“§ğ“Ÿğ“¨ğ“œğ“•ğ“£ğ“š|Nag Mundari
1E5D0..1E5FF|1E5D0|å¥¥å°”å¥¥é‚£å°”|Ol Onal
1E7E0..1E7FF|1E7E0|åŸƒå¡æ‰©å……ä¹™|Ethiopic Extended-B
1E800..1E8DF|1E800|é—¨è¿ªåŸºå¡å¥|ğ —ğ¢± ğ €ğ ğ ‚|Mende Kikakui
1E900..1E95F|1E900|é˜¿å¾·æ‹‰å§†|ğ¤€ğ¤£ğ¤¤ğ¤¢ğ¤¥|Adlam
1EC70..1ECBF|1EC70|å°åº¦å¸ç›®æ•°å­—|Indic Siyaq Numbers
1ED00..1ED4F|1ED00|å¥¥æ–¯æ›¼å¸ç›®æ•°å­—|Ottoman Siyaq Numbers
1EE00..1EEFF|1EE00|é˜¿æ‹‰ä¼¯æ•°å­¦å­—æ¯ç¬¦å·|Arabic Mathematical Alphabetic Symbols
1F000..1F02F|1F000|éº»å°†ç‰Œ|Mahjong Tiles
1F030..1F09F|1F030|å¤šç±³è¯ºç‰Œ|Domino Tiles
1F0A0..1F0FF|1F0A0|æ‰‘å…‹|Playing Cards
1F100..1F1FF|1F100|é™„å›´å­—æ¯æ•°å­—è¡¥å……|Enclosed Alphanumeric Supplement
1F200..1F2FF|1F200|é™„å›´è¡¨æ„æ–‡å­—è¡¥å……|Enclosed Ideographic Supplement
1F300..1F5FF|1F300|å„å¼ç¬¦å·åŠè±¡å½¢|Miscellaneous Symbols and Pictographs
1F600..1F64F|1F600|è¡¨æƒ…|Emoticons
1F650..1F67F|1F650|è£…é¥°ä»€é”¦|Ornamental Dingbats
1F680..1F6FF|1F680|äº¤é€šåŠåœ°å›¾ç¬¦å·|Transport and Map Symbols
1F700..1F77F|1F700|ç‚¼é‡‘æœ¯ç¬¦|Alchemical Symbols
1F780..1F7FF|1F780|å‡ ä½•å½¢çŠ¶æ‰©å……|Geometric Shapes Extended
1F800..1F8FF|1F800|å¢è¡¥ç®­å¤´ä¸™|Supplemental Arrows-C
1F900..1F9FF|1F900|å¢è¡¥ç¬¦å·åŠè±¡å½¢|Supplemental Symbols and Pictographs
1FA00..1FA6F|1FA00|æ£‹ç¬¦|Chess Symbols
1FA70..1FAFF|1FA70|ç¬¦å·åŠè±¡å½¢æ‰©å……ç”²|Symbols and Pictographs Extended-A
1FB00..1FBFF|1FB00|é—ç•™ç”µè„‘ç¬¦å·|Symbols for Legacy Computing
20000..2A6DF|20000|æ±‰å­—ç»Ÿä¸€è¡¨æ„æ‰©å……ä¹™|CJK Unified Ideographs Extension B
2A700..2B73F|2A700|æ±‰å­—ç»Ÿä¸€è¡¨æ„æ‰©å……ä¸™|CJK Unified Ideographs Extension C
2B740..2B81F|2B740|æ±‰å­—ç»Ÿä¸€è¡¨æ„æ‰©å……ä¸|CJK Unified Ideographs Extension D
2B820..2CEAF|2B820|æ±‰å­—ç»Ÿä¸€è¡¨æ„æ‰©å……æˆŠ|CJK Unified Ideographs Extension E
2CEB0..2EBEF|2CEB0|æ±‰å­—ç»Ÿä¸€è¡¨æ„æ‰©å……å·±|CJK Unified Ideographs Extension F
2EBF0..2EE5F|2EBF0|æ±‰å­—ç»Ÿä¸€è¡¨æ„æ‰©å……å£¬|CJK Unified Ideographs Extension I
2F800..2FA1F|2F800|æ±‰å­—å…¼å®¹è¡¨æ„è¡¥å……|CJK Compatibility Ideographs Supplement
30000..3134F|30000|æ±‰å­—ç»Ÿä¸€è¡¨æ„æ‰©å……åºš|CJK Unified Ideographs Extension G
31350..323AF|31350|æ±‰å­—ç»Ÿä¸€è¡¨æ„æ‰©å……è¾›|CJK Unified Ideographs Extension H
E0000..E007F|E0000|æ ‡ç­¾|Tags
E0100..E01EF|E0100|å˜ä½“é€‰æ‹©ç¬¦è¡¥å……|Variation Selectors Supplement
F0000..FFFFF|F0000|å¢è¡¥ç§ç”¨åŒºç”²|Supplementary Private Use Area-A
100000..10FFFF|100000|å¢è¡¥ç§ç”¨åŒºä¹™|Supplementary Private Use Area-B